[
    {"name": "Alice Walker"},
    {"name": "Amy Tan"},
    {"name": "Ann Rice"},
    {"name": "Clive Cussler"},
    {"name": "Dan Brown"},
    {"name": "J.R.R. Tolkein"},
    {"name": "JK Rowling"},
    {"name": "John Grisham"},
    {"name": "John Le Carré"},
    {"name": "Ken Follett"},
    {"name": "Margaret Atwood"},
    {"name": "Mary Higgins Clark"},
    {"name": "Maurice Sendak"},
    {"name": "Nora Roberts"},
    {"name": "Orson Scott Card"},
    {"name": "Patricia Cornwell"},
    {"name": "Robert Jordan"},
    {"name": "Stan Lee"},
    {"name": "Stephanie Meyer"},
    {"name": "Stephen King"}
]