[
    {
        "title": "Harry Potter and the Goblet of Fire",
        "author": "JK Rowling",
    },
    {
        "title": "Harry Potter and the Prisoner of Azkaban",
        "author": "JK Rowling",
    },
    {
        "title": "Harry Potter and the Philosopher's Stone",
        "author": "JK Rowling",
    },
    {
        "title": "Harry Potter and the Chamber of Secrets",
        "author": "JK Rowling",
    },
    {
        "title": "Harry Potter and the Order of the Phoenix",
        "author": "JK Rowling",
    },
    {
        "title": "Harry Potter and the Order of the Deathly Hallows",
        "author": "JK Rowling",
    },
    {
        "title": "The Eye of the World",
        "author": "Robert Jordan"
    },
    {
        "title": "The Great Hunt",
        "author": "Robert Jordan"
    },
    {
        "title": "The Dragon Reborn",
        "author": "Robert Jordan"
    },
    {
        "title": "The Shadow Rising",
        "author": "Robert Jordan"
    },
    {
        "title": "The Fires of Heaven",
        "author": "Robert Jordan"
    },    
    {
        "title": "Ender's Game",
        "author": "Orson Scott Card"
    },
    {
        "title": "The Speaker for the Dead",
        "author": "Orson Scott Card"
    },
    {
        "title": "Xenocide",
        "author": "Orson Scott Card"
    },
    {
        "title": "Ender's Shadow",
        "author": "Orson Scott Card"
    },
    {
        "title": "Shadow Puppets",
        "author": "Orson Scott Card"
    },
    {
        "title": "Seventh Son",
        "author": "Orson Scott Card"
    },
    {
        "title": "Red Prophet",
        "author": "Orson Scott Card"
    },
    {
        "title": "Prentice Alvin",
        "author": "Orson Scott Card"
    },
    {
        "title": "It",
        "author": "Stephen King"
    },
    {
        "title": "The Shining",
        "author": " Stephen King "
    },
    {
        "title": "The Stand",
        "author": " Stephen King "
    },
    {
        "title": "Misery",
        "author": " Stephen King "
    },
    {
        "title": "The Green Mile",
        "author": " Stephen King "
    },
    {
        "title": "Cujo",
        "author": " Stephen King "
    },
    {
        "title": "Pet Semetary",
        "author": " Stephen King "
    },
{
        "title": "Carrie",
        "author": " Stephen King "
    }
]

